title, artist, id, url, length
"Live Die Repeat: Edge of Tomorrow","Doug Liman","878682651","https://itunes.apple.com/us/movie/live-die-repeat-edge-of-tomorrow/id878682651?uo=4",113
"Crazy, Stupid, Love","Glenn Ficarra & John Requa","457658502","https://itunes.apple.com/us/movie/crazy-stupid-love/id457658502?uo=4",118
"Live and Let Die","Guy Hamilton","560799385","https://itunes.apple.com/us/movie/live-and-let-die/id560799385?uo=4",121
"Live Free or Die Hard","Len Wiseman","270698542","https://itunes.apple.com/us/movie/live-free-or-die-hard/id270698542?uo=4",129
"You Only Live Twice","Unknown","338391655","https://itunes.apple.com/us/movie/you-only-live-twice/id338391655?uo=4",117
"Love & Other Drugs","Edward Zwick","399423384","https://itunes.apple.com/us/movie/love-other-drugs/id399423384?uo=4",112
"From Russia With Love","Terence Young","303888092","https://itunes.apple.com/us/movie/from-russia-with-love/id303888092?uo=4",115
"To Rome With Love","Woody Allen","574132119","https://itunes.apple.com/us/movie/to-rome-with-love/id574132119?uo=4",111
"Eat Pray Love","Ryan Murphy","393457278","https://itunes.apple.com/us/movie/eat-pray-love/id393457278?uo=4",140
"I Love You, Man","John Hamburg & Larry Levin","316331669","https://itunes.apple.com/us/movie/i-love-you-man/id316331669?uo=4",105
"Love Actually","Richard Curtis","292606147","https://itunes.apple.com/us/movie/love-actually/id292606147?uo=4",134
"P.S. I Love You","Richard LaGravenese","277695195","https://itunes.apple.com/us/movie/p-s-i-love-you/id277695195?uo=4",126
"Love, Rosie","Christian Ditter","949789090","https://itunes.apple.com/us/movie/love-rosie/id949789090?uo=4",102
"Live By Night","Unknown","1181798498","https://itunes.apple.com/us/movie/live-by-night/id1181798498?uo=4",128
"Dr. Strangelove or: How I Learned to Stop Worrying and Love the Bomb","Stanley Kubrick","263616854","https://itunes.apple.com/us/movie/dr-strangelove-or-how-i-learned-to-stop-worrying-love/id263616854?uo=4",94
"Endless Love (2014)","Shana Feste","804718333","https://itunes.apple.com/us/movie/endless-love-2014/id804718333?uo=4",104
"Love the Coopers","Jessie Nelson","1054114989","https://itunes.apple.com/us/movie/love-the-coopers/id1054114989?uo=4",106
"Love Happens","Brandon Camp","344403528","https://itunes.apple.com/us/movie/love-happens/id344403528?uo=4",109
"From Paris With Love","Pierre Morel","361993903","https://itunes.apple.com/us/movie/from-paris-with-love/id361993903?uo=4",92
"Love & Friendship","Whit Stillman","1120902438","https://itunes.apple.com/us/movie/love-friendship/id1120902438?uo=4",93
"I Love You, Beth Cooper","Chris Columbus","320476689","https://itunes.apple.com/us/movie/i-love-you-beth-cooper/id320476689?uo=4",101
"The Love Guru","Marco Schnabel","285221151","https://itunes.apple.com/us/movie/the-love-guru/id285221151?uo=4",86
"The Goods: Live Hard, Sell Hard","Neal Brennan","331693774","https://itunes.apple.com/us/movie/the-goods-live-hard-sell-hard/id331693774?uo=4",89
"Shakespeare in Love","John Madden","432481298","https://itunes.apple.com/us/movie/shakespeare-in-love/id432481298?uo=4",0
"Love & Basketball","Gina Prince-Bythewood","318700570","https://itunes.apple.com/us/movie/love-basketball/id318700570?uo=4",124
"The House I Live In","Eugene Jarecki","587720531","https://itunes.apple.com/us/movie/the-house-i-live-in/id587720531?uo=4",108
"Love & Mercy","Bill Pohlad","996254139","https://itunes.apple.com/us/movie/love-mercy/id996254139?uo=4",121
"Love Story","Arthur Hiller","211292219","https://itunes.apple.com/us/movie/love-story/id211292219?uo=4",100
"Harold and Maude","Hal Ashby","285671994","https://itunes.apple.com/us/movie/harold-and-maude/id285671994?uo=4",91
"Gabriel Iglesias: I'm Not Fat... I'm Fluffy - Live from El Paso","Manny Rodriguez","333369311","https://itunes.apple.com/us/movie/gabriel-iglesias-im-not-fat-im-fluffy-live-from-el-paso/id333369311?uo=4",69
"The One I Love","Charlie McDowell","903453639","https://itunes.apple.com/us/movie/the-one-i-love/id903453639?uo=4",91
"Alice Doesn't Live Here Anymore","Martin Scorsese","298418497","https://itunes.apple.com/us/movie/alice-doesnt-live-here-anymore/id298418497?uo=4",112
"Vengeance: A Love Story","Johnny Martin","1268865416","https://itunes.apple.com/us/movie/vengeance-a-love-story/id1268865416?uo=4",99
"Love, Wedding, Marriage","Dermot Mulroney","431460334","https://itunes.apple.com/us/movie/love-wedding-marriage/id431460334?uo=4",90
"Wristcutters: A Love Story","Goran Dukic","281771283","https://itunes.apple.com/us/movie/wristcutters-a-love-story/id281771283?uo=4",88
"Feast of Love","Robert Benton","274982397","https://itunes.apple.com/us/movie/feast-of-love/id274982397?uo=4",101
"The Skin I Live In","Pedro Almodóvar","500671808","https://itunes.apple.com/us/movie/the-skin-i-live-in/id500671808?uo=4",120
"Love and Other Disasters","Alek Keshishian","278968770","https://itunes.apple.com/us/movie/love-and-other-disasters/id278968770?uo=4",90
"Love and Honor","Danny Mooney","595637392","https://itunes.apple.com/us/movie/love-and-honor/id595637392?uo=4",95
"Love Is All You Need","Susanne Bier","684541119","https://itunes.apple.com/us/movie/love-is-all-you-need/id684541119?uo=4",116
"Everybody Loves Somebody","Catalina Aguilar Mastretta","1244083093","https://itunes.apple.com/us/movie/everybody-loves-somebody/id1244083093?uo=4",101
"Lust for Love","Anton King","799019168","https://itunes.apple.com/us/movie/lust-for-love/id799019168?uo=4",85
"For Love of the Game","Sam Raimi","300244525","https://itunes.apple.com/us/movie/for-love-of-the-game/id300244525?uo=4",137
"They Live","John Carpenter","283516515","https://itunes.apple.com/us/movie/they-live/id283516515?uo=4",94
"Monster High: Why Do Ghouls Fall in Love?","Steve Sacks & Dustin McKenzie","587753277","https://itunes.apple.com/us/movie/monster-high-why-do-ghouls-fall-in-love/id587753277?uo=4",46
"I Love You Phillip Morris","Glenn Ficarra & John Requa","429637891","https://itunes.apple.com/us/movie/i-love-you-phillip-morris/id429637891?uo=4",0
"Down With Love","Peyton Reed","289066467","https://itunes.apple.com/us/movie/down-with-love/id289066467?uo=4",101
"One Direction: Where We Are - Live from San Siro Stadium","One Direction","939048584","https://itunes.apple.com/us/movie/one-direction-where-we-are-live-from-san-siro-stadium/id939048584?uo=4",130
"The Face of Love","Arie Posin","891015225","https://itunes.apple.com/us/movie/the-face-of-love/id891015225?uo=4",92
"American Pie Presents: The Book of Love","John Putch","339113337","https://itunes.apple.com/us/movie/american-pie-presents-the-book-of-love/id339113337?uo=4",91
"Can't Buy Me Love","Steve Rash","629715303","https://itunes.apple.com/us/movie/cant-buy-me-love/id629715303?uo=4",94
"American Pie Presents: The Book of Love (Unrated)","John Putch","352181520","https://itunes.apple.com/us/movie/american-pie-presents-the-book-of-love-unrated/id352181520?uo=4",93
"Must Love Dogs","Gary David Goldberg","295294112","https://itunes.apple.com/us/movie/must-love-dogs/id295294112?uo=4",97
"Rent: Filmed Live On Broadway","Michael John Warren","301647675","https://itunes.apple.com/us/movie/rent-filmed-live-on-broadway/id301647675?uo=4",152
"I Am Love (2010)","Luca Guadagnino","397150329","https://itunes.apple.com/us/movie/i-am-love-2010/id397150329?uo=4",119
"Peace, Love & Misunderstanding","Bruce Beresford","548014636","https://itunes.apple.com/us/movie/peace-love-misunderstanding/id548014636?uo=4",92
"The Love Bug","Robert Stevenson","281495547","https://itunes.apple.com/us/movie/the-love-bug/id281495547?uo=4",107
"Avenged Sevenfold: Live In the LBC","Avenged Sevenfold","309602544","https://itunes.apple.com/us/movie/avenged-sevenfold-live-in-the-lbc/id309602544?uo=4",76
"The Book of Love","Bill Purple","1182784105","https://itunes.apple.com/us/movie/the-book-of-love/id1182784105?uo=4",106
"No Greater Love (2009)","Brad J. Silverman","348967421","https://itunes.apple.com/us/movie/no-greater-love-2009/id348967421?uo=4",109
"For the Love of Spock","Adam Nimoy","1135101809","https://itunes.apple.com/us/movie/for-the-love-of-spock/id1135101809?uo=4",111
"How I Live Now","Kevin MacDonald","729147719","https://itunes.apple.com/us/movie/how-i-live-now/id729147719?uo=4",101
"Punch-Drunk Love","Paul Thomas Anderson","263562442","https://itunes.apple.com/us/movie/punch-drunk-love/id263562442?uo=4",95
"A Lot Like Love","Nigel Cole","492266818","https://itunes.apple.com/us/movie/a-lot-like-love/id492266818?uo=4",107
"Love Is Strange (2014)","Ira Sachs","950580612","https://itunes.apple.com/us/movie/love-is-strange-2014/id950580612?uo=4",94
"Love Is In the Air","Alexandre Castagnetti","797203705","https://itunes.apple.com/us/movie/love-is-in-the-air/id797203705?uo=4",97
"Live Free or Die Hard (Unrated)","Len Wiseman","279609666","https://itunes.apple.com/us/movie/live-free-or-die-hard-unrated/id279609666?uo=4",128
"Last Love","Sandra Nettelbeck","691146042","https://itunes.apple.com/us/movie/last-love/id691146042?uo=4",115
"What's Love Got to Do With It (1993)","Brian Gibson","358766864","https://itunes.apple.com/us/movie/whats-love-got-to-do-with-it-1993/id358766864?uo=4",117
"The Oscar Nominated Live Action Short Films 2014","Mark Gill, Selman Vilhunen, Anders Walter, Esteban Crespo, Xavier Legrand & Shorts International","816209503","https://itunes.apple.com/us/movie/the-oscar-nominated-live-action-short-films-2014/id816209503?uo=4",111
"How to Live Forever","Mark Wexler","518169545","https://itunes.apple.com/us/movie/how-to-live-forever/id518169545?uo=4",94
"Lewis Black: Old Yeller - Live At the Borgata In Atlantic City","Zach Nial","733260343","https://itunes.apple.com/us/movie/lewis-black-old-yeller-live-at-the-borgata-in-atlantic-city/id733260343?uo=4",81
"Hounds of Love","Ben Young","1221288150","https://itunes.apple.com/us/movie/hounds-of-love/id1221288150?uo=4",108
"The Killers: Live from the Royal Albert Hall","The Killers","337737855","https://itunes.apple.com/us/movie/the-killers-live-from-the-royal-albert-hall/id337737855?uo=4",113
"A Tale of Love and Darkness","Natalie Portman","1143150229","https://itunes.apple.com/us/movie/a-tale-of-love-and-darkness/id1143150229?uo=4",98
"Love Me","Jonathon Narducci","947603469","https://itunes.apple.com/us/movie/love-me/id947603469?uo=4",94
"P!nk The Truth About Love Tour: Live from Melbourne","P!nk","750536574","https://itunes.apple.com/us/movie/p-nk-the-truth-about-love-tour-live-from-melbourne/id750536574?uo=4",147
"Andrew Lloyd Webber's Love Never Dies","Brett Sullivan","520740880","https://itunes.apple.com/us/movie/andrew-lloyd-webbers-love-never-dies/id520740880?uo=4",121
"The Oscar Nominated Live Action Short Films 2013","Shorts International","599310733","https://itunes.apple.com/us/movie/the-oscar-nominated-live-action-short-films-2013/id599310733?uo=4",114
"Maid In Manhattan","Wayne Wang","533057651","https://itunes.apple.com/us/movie/maid-in-manhattan/id533057651?uo=4",105
"Coldplay: Ghost Stories Live 2014","Coldplay","926677784","https://itunes.apple.com/us/movie/coldplay-ghost-stories-live-2014/id926677784?uo=4",94
"I Think I Love My Wife","Chris Rock","270408027","https://itunes.apple.com/us/movie/i-think-i-love-my-wife/id270408027?uo=4",93
"When a Man Loves a Woman","Luis Mandoki","426074646","https://itunes.apple.com/us/movie/when-a-man-loves-a-woman/id426074646?uo=4",125
"Falling In Love","Unknown","272885843","https://itunes.apple.com/us/movie/falling-in-love/id272885843?uo=4",106
"Amy Schumer: Live at the Apollo","Chris Rock","1050297587","https://itunes.apple.com/us/movie/amy-schumer-live-at-the-apollo/id1050297587?uo=4",61
"Brian Regan: Live From Radio City Music Hall","Troy Miller","1052885325","https://itunes.apple.com/us/movie/brian-regan-live-from-radio-city-music-hall/id1052885325?uo=4",56
"Love Don't Cost a Thing","Troy Beyer","346085675","https://itunes.apple.com/us/movie/love-dont-cost-a-thing/id346085675?uo=4",101
"Furious Love","Darren Wilson","393072799","https://itunes.apple.com/us/movie/furious-love/id393072799?uo=4",94
"2015 Oscar Nominated Short Films Live Action","Talkhon Hamzavi, Hu Wei, Mat Kirkby, Oded Binnun, Mihal Brezis & Michael Lennox","963291110","https://itunes.apple.com/us/movie/2015-oscar-nominated-short-films-live-action/id963291110?uo=4",123
"Misery Loves Comedy","Kevin Pollak","977840932","https://itunes.apple.com/us/movie/misery-loves-comedy/id977840932?uo=4",94
"The Beyoncé Experience Live","Beyoncé","583434497","https://itunes.apple.com/us/movie/the-beyonc%C3%A9-experience-live/id583434497?uo=4",130
"Love, Marilyn","Liz Garbus","739925014","https://itunes.apple.com/us/movie/love-marilyn/id739925014?uo=4",107
"Love In the Time of Cholera","Mike Newell","279588786","https://itunes.apple.com/us/movie/love-in-the-time-of-cholera/id279588786?uo=4",138
"Rush: Time Machine - Live in Cleveland (2011)","Rush","476089168","https://itunes.apple.com/us/movie/rush-time-machine-live-in-cleveland-2011/id476089168?uo=4",162
"Love At First Child","Anne Giafferi","1252816595","https://itunes.apple.com/us/movie/love-at-first-child/id1252816595?uo=4",90
"Shakira: Live from Paris","Nick Wickham","478443834","https://itunes.apple.com/us/movie/shakira-live-from-paris/id478443834?uo=4",99
"Sea of Love","Harold Becker","289546872","https://itunes.apple.com/us/movie/sea-of-love/id289546872?uo=4",112
"I Love You to Death","Lawrence Kasdan","269201198","https://itunes.apple.com/us/movie/i-love-you-to-death/id269201198?uo=4",97
"Love Me If You Dare","Yann Samuell","253032100","https://itunes.apple.com/us/movie/love-me-if-you-dare/id253032100?uo=4",94
"Ed Sheeran: Jumpers for Goalposts Live At Wembley Stadium","Ed Sheeran","1044450662","https://itunes.apple.com/us/movie/ed-sheeran-jumpers-for-goalposts-live-at-wembley-stadium/id1044450662?uo=4",131
"U2: iNNOCENCE + eXPERIENCE, Live In Paris (Deluxe)","U2","1108040496","https://itunes.apple.com/us/movie/u2-innocence-experience-live-in-paris-deluxe/id1108040496?uo=4",151
"Love and a .45","C.M. Talkington","273215876","https://itunes.apple.com/us/movie/love-and-a-45/id273215876?uo=4",102
"Crazy Kind of Love","Sarah Siegel-Magness","609747704","https://itunes.apple.com/us/movie/crazy-kind-of-love/id609747704?uo=4",90
"Richard Pryor: Live On the Sunset Strip","Joe Layton","280702620","https://itunes.apple.com/us/movie/richard-pryor-live-on-the-sunset-strip/id280702620?uo=4",81
"To Sir, With Love","James Clavell","383970694","https://itunes.apple.com/us/movie/to-sir-with-love/id383970694?uo=4",105
"I Love You Phillip Morris","John Requa & Glenn Ficarra","420136523","https://itunes.apple.com/us/movie/i-love-you-phillip-morris/id420136523?uo=4",97
"Nirvana: Live At Reading","Nirvana","335488819","https://itunes.apple.com/us/movie/nirvana-live-at-reading/id335488819?uo=4",97
"Love (2011)","William Eubank","1224968649","https://itunes.apple.com/us/movie/love-2011/id1224968649?uo=4",84
"Nickelback: Live At Sturgis 2006","Nickelback","320963200","https://itunes.apple.com/us/movie/nickelback-live-at-sturgis-2006/id320963200?uo=4",65
"Love's Kitchen","James Hacking","438613288","https://itunes.apple.com/us/movie/loves-kitchen/id438613288?uo=4",89
"Eddie Izzard: Live at Madison Square Garden","Eddie Izzard","557747556","https://itunes.apple.com/us/movie/eddie-izzard-live-at-madison-square-garden/id557747556?uo=4",91
"Horgasm: A Love Story","Tobias Frøystad","568206896","https://itunes.apple.com/us/movie/horgasm-a-love-story/id568206896?uo=4",35
"The Black Keys - Live At the Crystal Ballroom","The Black Keys","296057738","https://itunes.apple.com/us/movie/the-black-keys-live-at-the-crystal-ballroom/id296057738?uo=4",64
"My Summer of Love","Pawel Pawlikowski","383269670","https://itunes.apple.com/us/movie/my-summer-of-love/id383269670?uo=4",86
"Pass the Jar: Zac Brown Band and Friends - Live from the Fabulous Fox Theatre In Atlanta","Zac Brown Band","366938922","https://itunes.apple.com/us/movie/pass-jar-zac-brown-band-friends-live-from-fabulous/id366938922?uo=4",0
"Carole King & James Taylor: Live At the Troubadour","Carole King & James Taylor","373541842","https://itunes.apple.com/us/movie/carole-king-james-taylor-live-at-the-troubadour/id373541842?uo=4",76
"Stevie Nicks: Live In Chicago","Stevie Nicks","314561715","https://itunes.apple.com/us/movie/stevie-nicks-live-in-chicago/id314561715?uo=4",114
"Love in the Afternoon","Billy Wilder","278817739","https://itunes.apple.com/us/movie/love-in-the-afternoon/id278817739?uo=4",129
"Love Finds You in Sugarcreek","Terry Cunningham","907737238","https://itunes.apple.com/us/movie/love-finds-you-in-sugarcreek/id907737238?uo=4",91
"Jesus Christ Superstar - Live Arena Tour","Laurence Connor & Nick Morris","638785536","https://itunes.apple.com/us/movie/jesus-christ-superstar-live-arena-tour/id638785536?uo=4",104
"Where the Light Is: John Mayer Live in Los Angeles","John Mayer","656404262","https://itunes.apple.com/us/movie/where-the-light-is-john-mayer-live-in-los-angeles/id656404262?uo=4",152
"To Write Love On Her Arms","Nathan Frankowski","959225861","https://itunes.apple.com/us/movie/to-write-love-on-her-arms/id959225861?uo=4",102
"One Direction: Up All Night - The Live Tour","One Direction","610026614","https://itunes.apple.com/us/movie/one-direction-up-all-night-the-live-tour/id610026614?uo=4",84
"Whitney Cummings: I Love You","Marty Callner","888319619","https://itunes.apple.com/us/movie/whitney-cummings-i-love-you/id888319619?uo=4",55
"Muse: Live At Rome Olympic Stadium","Muse","739516948","https://itunes.apple.com/us/movie/muse-live-at-rome-olympic-stadium/id739516948?uo=4",116
"Sweet Summer Sun - Hyde Park Live","The Rolling Stones","720272314","https://itunes.apple.com/us/movie/sweet-summer-sun-hyde-park-live/id720272314?uo=4",117
"Martin Lawrence Live: Runteldat","David Raynr","272892532","https://itunes.apple.com/us/movie/martin-lawrence-live-runteldat/id272892532?uo=4",103
"Sade: Bring Me Home - Live 2011","Unknown","596913426","https://itunes.apple.com/us/movie/sade-bring-me-home-live-2011/id596913426?uo=4",151
"deadmau5: Live At Earl's Court","deadmau5","448569728","https://itunes.apple.com/us/movie/deadmau5-live-at-earls-court/id448569728?uo=4",121
"Hannibal Buress Live from Chicago","Marcus Raboy","843542038","https://itunes.apple.com/us/movie/hannibal-buress-live-from-chicago/id843542038?uo=4",66
"The Love Witch","Anna Biller","1180833713","https://itunes.apple.com/us/movie/the-love-witch/id1180833713?uo=4",120
"Connected: An Autoblogography about Love, Death and Technology","Tiffany Shlain","592336588","https://itunes.apple.com/us/movie/connected-autoblogography-about-love-death-technology/id592336588?uo=4",80
"Love N' Dancing","Robert Iscove","328037609","https://itunes.apple.com/us/movie/love-n-dancing/id328037609?uo=4",95
"We Love Our Friends (Nickelodeon)","Scott Schultz, George Chialtas, Allan Jacobsen, Jennifer Oxley, Dave Marshall & Alice Wilder","485223908","https://itunes.apple.com/us/movie/we-love-our-friends-nickelodeon/id485223908?uo=4",144
"Quantum Love (Une rencontre)","Unknown","996780068","https://itunes.apple.com/us/movie/quantum-love-une-rencontre/id996780068?uo=4",81
"God Loves Uganda","Roger Ross Williams","839717431","https://itunes.apple.com/us/movie/god-loves-uganda/id839717431?uo=4",83
"Monty Python Live (Mostly) – One Down Five to Go","Aubrey Powell","919957431","https://itunes.apple.com/us/movie/monty-python-live-mostly-one-down-five-to-go/id919957431?uo=4",136
"Love Paleo","Caroleen Moise","1056881616","https://itunes.apple.com/us/movie/love-paleo/id1056881616?uo=4",93
"The Thing Called Love","Peter Bogdanovich","305340432","https://itunes.apple.com/us/movie/the-thing-called-love/id305340432?uo=4",114
"Russell Peters: The Green Card Tour – Live from the O2 Arena","David Higby","607501825","https://itunes.apple.com/us/movie/russell-peters-the-green-card-tour-live-from-the-o2-arena/id607501825?uo=4",57
"2017 Oscar Nominated Shorts Films - Live Action","Selim Azzazi, Aske Bang, Timo von Gunten, Kristóf Deák & Juanjo Giménez Peña","1203925776","https://itunes.apple.com/us/movie/2017-oscar-nominated-shorts-films-live-action/id1203925776?uo=4",134
"Foo Fighters: Live from Wembley Stadium","Foo Fighters","656360211","https://itunes.apple.com/us/movie/foo-fighters-live-from-wembley-stadium/id656360211?uo=4",118
"Phil Collins Live At Montreux 2004","Phil Collins","509097779","https://itunes.apple.com/us/movie/phil-collins-live-at-montreux-2004/id509097779?uo=4",137
"Santana: Live At Montreux 2011","Santana","499543975","https://itunes.apple.com/us/movie/santana-live-at-montreux-2011/id499543975?uo=4",167
"Addicted to Love","Griffin Dunne","284933118","https://itunes.apple.com/us/movie/addicted-to-love/id284933118?uo=4",100
"Michael Jackson Live At Wembley July 16, 1988","Michael Jackson","555899378","https://itunes.apple.com/us/movie/michael-jackson-live-at-wembley-july-16-1988/id555899378?uo=4",135
"Coldplay: Live 2012","Coldplay","734123520","https://itunes.apple.com/us/movie/coldplay-live-2012/id734123520?uo=4",96
"Love Affair (1994)","Glenn Gordon Caron","412414032","https://itunes.apple.com/us/movie/love-affair-1994/id412414032?uo=4",107
"All the Boys Love Mandy Lane","Jonathan Levine","695557064","https://itunes.apple.com/us/movie/all-the-boys-love-mandy-lane/id695557064?uo=4",90
"Let's Make Love","George Cukor","296774305","https://itunes.apple.com/us/movie/lets-make-love/id296774305?uo=4",118
"Nirvana - Live At the Paramount","Nirvana","462585337","https://itunes.apple.com/us/movie/nirvana-live-at-the-paramount/id462585337?uo=4",71
"Carrie Underwood: The Blown Away Tour - LIVE","Carrie Underwood","674861323","https://itunes.apple.com/us/movie/carrie-underwood-the-blown-away-tour-live/id674861323?uo=4",119
"Secret World Live","Peter Gabriel","539881560","https://itunes.apple.com/us/movie/secret-world-live/id539881560?uo=4",102
"It Felt Like Love","Eliza Hittman","881288429","https://itunes.apple.com/us/movie/it-felt-like-love/id881288429?uo=4",82
"Sting: Live In Berlin","Sting","405087790","https://itunes.apple.com/us/movie/sting-live-in-berlin/id405087790?uo=4",124
"Yo Gabba Gabba Live! There's a Party in My City!","Christian Jacobs & Scott Schultz","508188810","https://itunes.apple.com/us/movie/yo-gabba-gabba-live-theres-a-party-in-my-city/id508188810?uo=4",59
"Crazy Love","Dan Klores","279267533","https://itunes.apple.com/us/movie/crazy-love/id279267533?uo=4",91
"Tyler Perry's Madea's Tough Love","Frank Marino","947140608","https://itunes.apple.com/us/movie/tyler-perrys-madeas-tough-love/id947140608?uo=4",64
"Marilyn Manson: Guns, God and Government - Live In L.A.","Marilyn Manson","364194199","https://itunes.apple.com/us/movie/marilyn-manson-guns-god-and-government-live-in-l-a/id364194199?uo=4",72
"Dorfman in Love","Bradley Leong","627987167","https://itunes.apple.com/us/movie/dorfman-in-love/id627987167?uo=4",91
"Michael Jackson - Live in Bucharest: The Dangerous Tour","Michael Jackson","646059478","https://itunes.apple.com/us/movie/michael-jackson-live-in-bucharest-the-dangerous-tour/id646059478?uo=4",122
"Wilco: Live - Ashes of American Flags","Wilco","310944118","https://itunes.apple.com/us/movie/wilco-live-ashes-of-american-flags/id310944118?uo=4",87
"Love In Portofino","Andrea Bocelli","732376978","https://itunes.apple.com/us/movie/love-in-portofino/id732376978?uo=4",47
"Eric Clapton & Steve Winwood: Live from Madison Square Garden","Eric Clapton","315002468","https://itunes.apple.com/us/movie/eric-clapton-steve-winwood-live-from-madison-square-garden/id315002468?uo=4",139
"Billy Joel: Live At Shea Stadium","Billy Joel","601453714","https://itunes.apple.com/us/movie/billy-joel-live-at-shea-stadium/id601453714?uo=4",140
"Barney: I Love My Friends","Fred Holmes & Jim Rowley","921390254","https://itunes.apple.com/us/movie/barney-i-love-my-friends/id921390254?uo=4",57
"Peter Gabriel: New Blood - Live in London","Peter Gabriel","469071405","https://itunes.apple.com/us/movie/peter-gabriel-new-blood-live-in-london/id469071405?uo=4",141
"In Love and War (1996)","Richard Attenborough","310456219","https://itunes.apple.com/us/movie/in-love-and-war-1996/id310456219?uo=4",113
"Lisa Lampanelli: Long Live the Queen","Lisa Lampanelli","312622020","https://itunes.apple.com/us/movie/lisa-lampanelli-long-live-the-queen/id312622020?uo=4",70
"Why Do Fools Fall In Love","Gregory Nava","273063620","https://itunes.apple.com/us/movie/why-do-fools-fall-in-love/id273063620?uo=4",115
"Sara Bareilles: Brave Enough - Live at the Variety Playhouse","Sara Bareilles","715205006","https://itunes.apple.com/us/movie/sara-bareilles-brave-enough-live-at-the-variety-playhouse/id715205006?uo=4",85
"Love & Terror On the Howling Plains of Nowhere","Dave Jannetta","953363909","https://itunes.apple.com/us/movie/love-terror-on-the-howling-plains-of-nowhere/id953363909?uo=4",103
"Katy Perry: The Prismatic World Tour Live","Katy Perry","1030985292","https://itunes.apple.com/us/movie/katy-perry-the-prismatic-world-tour-live/id1030985292?uo=4",116
"Styx - The Grand Illusion/Pieces of Eight","Styx","493168750","https://itunes.apple.com/us/movie/styx-the-grand-illusion-pieces-of-eight-live/id493168750?uo=4",101
"Love Crime","Alain Corneau","489678615","https://itunes.apple.com/us/movie/love-crime/id489678615?uo=4",106
"Rush: R40 Live","Rush","1088563988","https://itunes.apple.com/us/movie/rush-r40-live/id1088563988?uo=4",161
"Looking Back On Love: Making Black and White America","Mathieu Bitton","592705699","https://itunes.apple.com/us/movie/looking-back-on-love-making-black-and-white-america/id592705699?uo=4",75
"Love and Death","Unknown","589667983","https://itunes.apple.com/us/movie/love-and-death/id589667983?uo=4",85
"Mes amis, mes amours (My Friends, My Loves)","Lorraine Levy","460864772","https://itunes.apple.com/us/movie/mes-amis-mes-amours-my-friends-my-loves/id460864772?uo=4",94
"The Rolling Stones: Some Girls - Live In Texas '78","The Rolling Stones","478540094","https://itunes.apple.com/us/movie/the-rolling-stones-some-girls-live-in-texas-78/id478540094?uo=4",85
"Jill Scott: Live At House of Blues, Sunset Strip","Jill Scott","465857990","https://itunes.apple.com/us/movie/jill-scott-live-at-house-blues-sunset-strip-live-nation/id465857990?uo=4",34
"Owl City: Live from Los Angeles","Owl City","479115367","https://itunes.apple.com/us/movie/owl-city-live-from-los-angeles/id479115367?uo=4",94
"Love Hurts","Barra Grant","411614666","https://itunes.apple.com/us/movie/love-hurts/id411614666?uo=4",94
"Richard Pryor Live & Smokin'","Michael Blum","324255219","https://itunes.apple.com/us/movie/richard-pryor-live-smokin/id324255219?uo=4",45
"Joe Bonamassa Live From the Royal Albert Hall","Joe Bonamassa","906260029","https://itunes.apple.com/us/movie/joe-bonamassa-live-from-the-royal-albert-hall/id906260029?uo=4",132
"Eric Clapton - Slowhand at 70: Live At the Royal Albert Hall","Eric Clapton","1045893939","https://itunes.apple.com/us/movie/eric-clapton-slowhand-at-70-live-at-the-royal-albert-hall/id1045893939?uo=4",106
"Mötley Crüe: The End - Live In Los Angeles","Mötley Crüe","1148806079","https://itunes.apple.com/us/movie/m%C3%B6tley-cr%C3%BCe-the-end-live-in-los-angeles/id1148806079?uo=4",107
"Live Flesh","Pedro Almodóvar","1132539466","https://itunes.apple.com/us/movie/live-flesh/id1132539466?uo=4",101
"Anatomy of a Love Seen","Marina Rice Bader","922486246","https://itunes.apple.com/us/movie/anatomy-of-a-love-seen/id922486246?uo=4",80
"Goodbye First Love","Mia Hansen-Løve","550167214","https://itunes.apple.com/us/movie/goodbye-first-love/id550167214?uo=4",110
"Queen: Hungarian Rhapsody - Live in Budapest","Queen","570768292","https://itunes.apple.com/us/movie/queen-hungarian-rhapsody-live-in-budapest/id570768292?uo=4",91
"Love At First Fight","Thomas Cailley","1031400758","https://itunes.apple.com/us/movie/love-at-first-fight/id1031400758?uo=4",98
"Whitney Houston Live: Her Greatest Performances","Whitney Houston","929804790","https://itunes.apple.com/us/movie/whitney-houston-live-her-greatest-performances/id929804790?uo=4",102
"The Doors: Live at The Bowl '68","The Doors","573418741","https://itunes.apple.com/us/movie/the-doors-live-at-the-bowl-68/id573418741?uo=4",71
"To Joey, With Love","Rory Feek","1227344267","https://itunes.apple.com/us/movie/to-joey-with-love/id1227344267?uo=4",89
"Nine Inch Nails Live: Beside You In Time","Nine Inch Nails","515405782","https://itunes.apple.com/us/movie/nine-inch-nails-live-beside-you-in-time/id515405782?uo=4",92
"A Thin Line Between Love & Hate","Martin Lawrence","885803693","https://itunes.apple.com/us/movie/a-thin-line-between-love-hate/id885803693?uo=4",108
"Toto: Falling In Between - Live","Toto","387062064","https://itunes.apple.com/us/movie/toto-falling-in-between-live/id387062064?uo=4",112
"The Mask You Live In","Jennifer Siebel Newsom","1080836920","https://itunes.apple.com/us/movie/the-mask-you-live-in/id1080836920?uo=4",91
"The Love Letter (1999)","陳可辛","286146216","https://itunes.apple.com/us/movie/the-love-letter-1999/id286146216?uo=4",87
